composition,dmax
Ag1 Al19.8 Co19.8 Cu4.95 Zr54.45,10.0
Ag1 Al9.9 Cu22.77 Fe4.95 Zr61.38,4.0
Ag1 Cu5 P5 Pd79 Si10,4.0
Ag1 Gd10 Mg74 Ni15,3.0
Ag1.8 Al14 Co5 Cu9.2 La65 Ni5,30.0
Ag10 Al10 Cu40 Zr40,3.0
Ag10 Al15 Cu20 La55,2.0
Ag10 Al30 Ca60,2.0
Ag10 Al7 Cu40 Zr43,20.0
Ag10 Ca60 Cu10 Mg20,7.0
Ag10 Cu15 Er10 Mg65,6.0
Ag10 Cu15 Gd10 Mg65,7.5
Ag10 Cu15 Gd6 Mg65 Y4,8.0
Ag10 Cu15 Gd8 Mg65 Y2,9.0
Ag10 Cu15 Mg65 Tb10,6.0
Ag10 Cu40 Zr50,5.0
Ag10 Cu45 Hf10 Zr35,4.0
Ag10 Cu45 Hf20 Zr25,3.0
Ag10 Cu45 Hf30 Zr15,2.0
Ag10 Cu45 Ni5 Ti10 Zr30,5.0
Ag10 Cu45 Zr45,6.0
Ag10 Cu49 Ti5 Zr36,8.0
Ag10 Cu50 Ti10 Zr30,4.0
Ag10 Cu54 Zr36,6.0
Ag10.5 Cu24.5 Mg54 Y11,12.0
Ag11.6 Cu46.4 Ti7 Zr35,6.0
Ag12 Cu38 Zr50,4.0
Ag12 Cu44 Zr44,4.0
Ag13 Al3 Cu36 Zr48,4.5
Ag15 Cu10 Gd10 Mg65,3.0
Ag15 Cu45 Ti10 Zr30,5.0
Ag16 Cu42 Zr42,2.0
Ag2 Al14 Co6 Cu10 La62 Ni6,16.0
Ag2 Al14 Cu22 La62,5.0
Ag2 Al6 Cu48 Zr44,12.0
Ag2 Al7 Cu43 Zr48,12.0
Ag2 Cu4 P5 Pd79 Si10,5.0
Ag2 Cu48 Zr50,2.0
Ag2 Gd10 Mg73 Ni15,3.5
Ag2.3 Al14 Co5 Cu11.7 La62 Ni5,20.0
Ag2.33 Al14 Co5 Cu11.67 La62 Ni5,20.0
Ag2.5 Cu22.5 Mg65 Tb10,7.0
Ag2.67 Al14 Co4 Cu13.33 La62 Ni4,16.0
Ag2.7 Al14 Co4 Cu13.3 La62 Ni4,16.0
Ag20 Ca60 Mg20,4.0
Ag20 Cu40 Ti10 Zr30,3.0
Ag20 Cu5 Gd10 Mg65,0.5
Ag25 Cu35 Ti10 Zr30,2.0
Ag3 Al19.4 Co19.4 Cu4.85 Zr53.35,16.0
Ag3 Al5 Cu47 Zr45,15.0
Ag3 Al7 Cu42 Zr48,10.0
Ag3 Al7 Cu45 Zr45,8.0
Ag3 Al7 Cu47 Zr43,5.0
Ag3 Al9.7 Cu22.31 Fe4.85 Zr60.14,10.0
Ag3 Cu3 P5 Pd79 Si10,5.0
Ag3.3 Al14 Co2 Cu16.7 La62 Ni2,16.0
Ag3.3 Cu29.7 Mg56 Y11,14.0
Ag3.33 Al14 Co2 Cu16.67 La62 Ni2,16.0
Ag30.77 Ca30.77 Cu15.38 Mg23.08,3.0
Ag30.77 Ca30.77 Cu7.69 Mg30.77,3.0
Ag38.4 Ca23.2 Mg38.4,1.5
Ag38.46 Ca23.08 Cu7.69 Mg30.77,4.0
Ag38.5 Ca30.8 Cu7.7 Mg23,3.0
Ag4 Al14 Cu20 La62,8.0
Ag4 Al4 Cu47 Zr45,10.0
Ag4 Al4 Cu48 Zr44,10.0
Ag4 Al4 Cu49 Zr43,10.0
Ag4 Al6 Cu48 Zr42,12.0
Ag4 Cu2 P5 Pd79 Si10,7.0
Ag4 Cu48 Zr48,3.0
Ag4 Gd10 Mg71 Ni15,4.0
Ag4.6 Al7 Cu41.4 Zr47,20.0
Ag46.15 Ca22.98 Cu7.69 Mg23.18,3.0
Ag46.2 Ca30.7 Mg23.1,1.0
Ag46.29 Ca30.56 Cu7.72 Mg15.43,1.0
Ag46.43 Ca28.6 Cu7.15 Mg17.83,1.5
Ag5 Al10 Cu20 La65,5.0
Ag5 Al12.5 Co2.5 Cu17.5 La62.5,8.0
Ag5 Al12.5 Co5 Cu10 La62.5 Ni5,12.0
Ag5 Al12.5 Co5 Cu15 La62.5,9.0
Ag5 Al12.5 Cu15 Fe5 La62.5,6.0
Ag5 Al12.5 Cu15 La62.5 Ni5,8.0
Ag5 Al12.5 Cu17.5 Fe2.5 La62.5,7.0
Ag5 Al12.5 Cu20 La62.5,6.0
Ag5 Al14 Cu19 La62,5.0
Ag5 Al15 Cu20 La60,5.0
Ag5 Al19 Co19 Cu4.75 Zr52.25,16.0
Ag5 Al20 Cu20 La55,4.0
Ag5 Al25 Cu15 La55,3.0
Ag5 Al27.5 Ca57.5 Mg10,2.0
Ag5 Al28.5 Ca56.5 Mg10,3.0
Ag5 Al29.5 Ca55.5 Mg10,2.0
Ag5 Al32 Ca63,1.5
Ag5 Al5 Cu45 Zr45,9.0
Ag5 Al7 Cu40 Zr48,10.0
Ag5 Al9.5 Cu21.85 Fe4.75 Zr58.9,5.0
Ag5 Au46 Cu29 Si20,1.0
Ag5 Cu15 Gd10 Mg65 Pd5,10.0
Ag5 Cu20 Gd10 Mg65,11.0
Ag5 Cu20 Mg65 Tb10,10.0
Ag5 Cu45 Zr50,4.0
Ag5 Cu55 Ti10 Zr30,3.0
Ag5 Cu7.5 Gd10 Mg65 Ni7.5 Zn5,11.0
Ag5 Cu7.5 Gd2.5 Mg65 Ni7.5 Y7.5 Zn5,9.5
Ag5 Cu7.5 Gd5 Mg65 Ni7.5 Y5 Zn5,14.0
Ag5 Cu7.5 Gd7.5 Mg65 Ni7.5 Y2.5 Zn5,13.0
Ag5 Cu7.5 Mg65 Ni7.5 Y10 Zn5,9.0
Ag5 Gd10 Mg70 Ni15,5.0
Ag5.5 Au49 Cu26.9 Pd2.3 Si16.3,5.0
Ag50 Ca30.8 Cu7.7 Mg11.5,1.5
Ag53.8 Ca23.1 Mg23.1,1.0
Ag53.8 Ca30.8 Mg15.4,1.0
Ag6 Al14 Cu18 La62,5.0
Ag6 Al6 Cu44 Zr44,10.0
Ag6 Be23 Cu9 Ni10 Ti24 Zr28,14.0
Ag6 Be26 Cu10 Ti27 Zr31,14.0
Ag6 Cu54 Ti7 Zr33,6.0
Ag6 Gd10 Mg69 Ni15,7.0
Ag6.6 Cu23 Gd11 Mg59.4,34.0
Ag61.5 Ca23.1 Mg15.4,1.0
Ag7 Al14 Cu17 La62,5.0
Ag7 Al18.6 Co18.6 Cu4.65 Zr51.15,14.0
Ag7 Al3 Cu45 Zr45,7.0
Ag7 Al7 Cu43 Zr43,8.0
Ag7 Al9.3 Cu21.39 Fe4.65 Zr57.66,4.0
Ag7 Cu28 Mg54 Y11,16.0
Ag7 Cu43 In7 Zr43,5.0
Ag7 Cu43 Ti10 Zr40,7.0
Ag7 Cu43 Ti7 Zr43,5.0
Ag7 Cu43 Zr50,4.0
Ag7 Cu57 Zr36,4.0
Ag7 Gd10 Mg68 Ni15,4.0
Ag7.5 Al17.5 Cu20 La55,3.0
Ag7.5 Cu17.5 Mg65 Tb10,8.0
Ag7.6 Al9 Cu30.4 Zr53,20.0
Ag8 Al14 Cu16 La62,5.0
Ag8 Al7 Cu37 Zr48,10.0
Ag8 Al8 Au2 Cu36 Zr46,20.0
Ag8 Al8 Au4 Cu36 Zr44,20.0
Ag8 Al8 Au6 Cu36 Zr42,15.0
Ag8 Al8 Cu34 Pd2 Zr48,30.0
Ag8 Al8 Cu34 Zr50,15.0
Ag8 Al8 Cu36 Fe2 Zr46,10.0
Ag8 Al8 Cu36 Fe4 Zr44,9.0
Ag8 Al8 Cu36 Fe6 Zr42,4.0
Ag8 Al8 Cu36 Hf2 Zr46,20.0
Ag8 Al8 Cu36 Hf4 Zr44,20.0
Ag8 Al8 Cu36 Nb2 Zr46,10.0
Ag8 Al8 Cu36 Nb4 Zr44,9.0
Ag8 Al8 Cu36 Ni2 Zr46,25.0
Ag8 Al8 Cu36 Ni4 Zr44,30.0
Ag8 Al8 Cu36 Ni6 Zr42,25.0
Ag8 Al8 Cu36 Pd2 Zr46,30.0
Ag8 Al8 Cu36 Pd4 Zr44,25.0
Ag8 Al8 Cu36 Pd6 Zr42,20.0
Ag8 Al8 Cu36 Ti2 Zr46,10.0
Ag8 Al8 Cu36 Ti4 Zr44,9.0
Ag8 Al8 Cu36 Ti6 Zr42,4.0
Ag8 Al8 Cu36 Zr48,25.0
Ag8 Al8 Cu38 Zr46,20.0
Ag8 Al8 Cu40 Zr44,15.0
Ag8 Al8 Cu42 Zr42,12.0
Ag8 Al9 Cu32 Zr51,20.0
Ag8 Cu46 Zr46,4.0
Ag8.36 Al8 Be10 Cu27.64 Zr46,35.0
Ag8.4 Al8 Cu33.6 Zr50,20.0
Ag8.7 Al8.7 Cu41.3 Zr41.3,20.0
Ag8.7 Cu20.3 Er10 Mg61,10.0
Ag8.8 Al8 Cu35.2 Zr48,20.0
Ag9.6 Al7 Cu38.4 Zr45,20.0
Ag9.83 Cu19.67 Er10 Mg60.5,11.0
Al1 B15 Co6 Fe61 Mo7 Y2 Zr8,5.0
Al1 Cu54 Hf25 Ti20,4.0
Al10 B2 Ce68 Cu20,2.0
Al10 Bi2 Ce70 Cu18,1.0
Al10 C2 Ce68 Cu20,2.0
Al10 Ca50 Cu20 Mg20,1.0
Al10 Ca55 Mg20 Zn15,3.5
Al10 Ca60 Cu10 Mg20,2.0
Al10 Ca60 Mg20 Zn10,6.0
Al10 Ca75 Mg15,0.5
Al10 Ce13 Co25 La52,12.0
Al10 Ce19.5 Co25 La45.5,25.0
Al10 Ce26 Co25 La39,20.0
Al10 Ce27.5 Co35 La27.5,3.0
Al10 Ce27.5 Cu35 La27.5,2.0
Al10 Ce30 Co30 La30,9.0
Al10 Ce30 Cu30 La30,5.0
Al10 Ce32.5 Co25 La32.5,13.5
Al10 Ce32.5 Cu25 La32.5,8.0
Al10 Ce35 Co20 La35,4.0
Al10 Ce35 Cu20 La35,5.0
Al10 Ce37.5 Cu15 La37.5,2.0
Al10 Ce39 Co25 La26,12.0
Al10 Ce45.5 Co25 La19.5,9.0
Al10 Ce52 Co25 La13,6.0
Al10 Ce57.6 Cu22.4 Fe10,10.0
Al10 Ce57.6 Cu22.4 Zn10,4.0
Al10 Ce58.5 Co25 La6.5,4.0
Al10 Ce59.4 Cu23.1 Fe7.5,8.0
Al10 Ce59.4 Cu23.1 Zn7.5,6.0
Al10 Ce6.5 Co25 La58.5,6.0
Al10 Ce60 Cu20 Ni10,1.0
Al10 Ce61.2 Cu23.8 Fe5,6.0
Al10 Ce61.2 Cu23.8 Zn5,6.0
Al10 Ce63 Cu24.5 Zn2.5,5.0
Al10 Ce64.8 Cu25.2,5.0
Al10 Ce65 Co25,2.0
Al10 Ce65 Co5 Cu20,8.0
Al10 Ce67 Cu20 Nb3,5.0
Al10 Ce68 Co2 Cu20,10.0
Al10 Ce68 Cu20 Fe2,5.0
Al10 Ce68 Cu20 Nb2,8.0
Al10 Ce68 Cu20 Ni2,5.0
Al10 Ce68 Cu20 Si2,3.0
Al10 Ce69 Co1 Cu20,10.0
Al10 Ce69 Cu20 Nb1,10.0
Al10 Ce69.5 Co0.5 Cu20,10.0
Al10 Ce69.8 Co0.2 Cu20,8.0
Al10 Ce70 Cu17 Zn3,3.0
Al10 Ce70 Cu18 Zn2,2.0
Al10 Ce70 Cu19 Zn1,1.0
Al10 Ce70 Cu20,2.0
Al10 Ce70 Ni20,1.0
Al10 Co30 Gd60,2.0
Al10 Cu15.4 Nb5 Ni12.6 Zr57,20.0
Al10 Cu17.9 Ni14.6 Ti5 Zr52.5,18.0
Al10 Cu20 Fe10 Zr60,10.0
Al10 Cu20 Ni8 Ti5 Zr57,10.0
Al10 Cu22.5 Fe7.5 Zr60,15.0
Al10 Cu23 Fe5 Zr62,3.0
Al10 Cu25 Fe5 Zr60,20.0
Al10 Cu27.5 Fe2.5 Zr60,10.0
Al10 Cu30 Ni5 Zr55,5.2
Al10 Cu30 Zr60,8.0
Al10 Cu38 Ti2 Zr50,5.0
Al10 Cu40 Zr50,22.0
Al10 Cu45 Zr45,3.0
Al10 Fe25 Mn5 Pr60,3.0
Al10 Fe30 Pr60,3.0
Al10 Fe30 Y60,4.0
Al10 Ni45 Ti20 Zr25,2.0
Al10.1 Cu11.7 Ni14.2 Zr64,5.0
Al10.3 Cu15.6 Nb2.8 Ni12.8 Zr58.5,32.0
Al10.5 Cu24 La62 Mg3.5,10.0
Al10.7 Cu10.7 Ni15.1 Zr63.5,6.0
Al10.7 Cu13.65 Ni14.15 Zr61.5,5.5
Al10.8 Cu24 La62 Mg3.2,10.0
Al11 Ca60 Cu20 Mg9,2.0
Al11 Cu43 Y4.6 Zr41.4,12.0
Al11.4 Cu9.3 Ni16.3 Zr63,6.5
Al12 Cu27.75 Hf51 Ni9.25,8.0
Al12.1 Cu7.95 Ni17.45 Zr62.5,7.5
Al12.3 Cu28 Ni9 Zr50.7,7.0
Al12.4 Cu8.8 La70 Ni8.8,0.5
Al13 Cu29.25 Hf48 Ni9.75,10.0
Al13.2 Cu9.4 La68 Ni9.4,1.0
Al14 Cu10 La66 Ni10,1.5
Al14 Cu12 La62 Ni12,12.0
Al14 Cu19 Ni10 Y4 Zr53,5.0
Al14 Cu20 La66,2.0
Al14 Cu24 La62,5.0
Al14 Cu29.25 Hf47 Ni9.75,10.0
Al14.3 Cu23.3 Ni10.5 Zr51.9,10.0
Al14.6 Cu10.4 La64.6 Ni10.4,5.0
Al15 Ca55 Mg20 Zn10,2.0
Al15 Ca60 Mg18 Zn7,2.5
Al15 Ca70 Mg15,1.5
Al15 Ce25 Co35 La25,2.0
Al15 Ce25 Cu35 La25,2.0
Al15 Ce27.5 Co30 La27.5,6.0
Al15 Ce27.5 Cu30 La27.5,4.0
Al15 Ce30 Co25 La30,10.0
Al15 Ce30 Cu25 La30,5.0
Al15 Ce32.5 Co20 La32.5,12.0
Al15 Ce32.5 Cu20 La32.5,4.0
Al15 Ce35 Co15 La35,12.0
Al15 Ce35 Cu15 La35,2.0
Al15 Ce65 Cu20,2.0
Al15 Ce70 Cu15,2.0
Al15 Ce70 Ni15,1.0
Al15 Co25 Gd60,5.0
Al15 Cu19 Ni10 Y2 Zr54,5.0
Al15 Gd60 Ni25,1.0
Al15.2 Cu10.85 La63.1 Ni10.85,10.0
Al15.6 Cu11.2 La62 Ni11.2,11.0
Al15.9 Cu11.35 La61.4 Ni11.35,10.5
Al16 Ce32 Co10 Cu5 La32 Ni5,10.0
Al16 Ce32 Co3 Cu12 La32 Ni5,10.0
Al16 Ce32 Co5 Cu10 La32 Ni5,12.0
Al16 Ce32 Co8 Cu7 La32 Ni5,10.0
Al16 Ce32 Cu15 La32 Ni5,10.0
Al16 Co21 Cu7 Zr56,1.0
Al16 Co22 Cu6 Zr56,2.0
Al16 Co23 Cu5 Zr56,1.5
Al16 Co26 Zr58,2.0
Al16 Co27 Zr57,5.0
Al16 Co28 Zr56,7.0
Al16 Co29 Zr55,7.0
Al16 Co30 Zr54,6.0
Al16 Co31 Zr53,5.0
Al16 Co32 Zr52,3.0
Al16 Co33 Zr51,2.0
Al16.3 Cu11.6 La60.5 Ni11.6,8.0
Al16.3 Cu18.7 Ni12 Zr53,6.0
Al16.3 Cu20.7 Ni12 Zr51,3.0
Al16.6 Cu11.9 La59.6 Ni11.9,8.0
Al17 Cu12.2 La58.6 Ni12.2,5.0
Al17.5 Cu12.45 La57.6 Ni12.45,8.0
Al17.5 Cu20 La62.5,3.0
Al17.9 Cu12.8 La56.5 Ni12.8,2.0
Al18.4 Cu13.1 La55.4 Ni13.1,2.0
Al19 Ca55 Mg20 Zn6,1.5
Al2 Cu53 Hf25 Ti20,4.0
Al2.1 B6.7 C6.9 Cr2.2 Fe68.3 Mo2.5 P8.8 Si2.5,4.0
Al20 Ca55 Mg18 Zn7,1.0
Al20 Ca65 Mg15,1.0
Al20 Ce27.5 Co25 La27.5,5.0
Al20 Ce27.5 Cu25 La27.5,2.0
Al20 Ce30 Co20 La30,8.0
Al20 Ce30 Cu20 La30,5.0
Al20 Ce32.5 Co15 La32.5,6.0
Al20 Ce32.5 Cu15 La32.5,2.0
Al20 Ce35 Co10 La35,3.0
Al20 Ce60 Co20,1.0
Al20 Ce60 Cu20,3.0
Al20 Co20 Gd60,2.5
Al20 Co25 Zr55,6.25
Al20 Cu20 La60,3.0
Al20 Gd55 Mn3 Ni22,2.0
Al20 Gd60 Ni20,2.0
Al24 Co10 Ni10 Sc20 Y36,25.0
Al24 Co20 Sc20 Y36,13.5
Al24 Co20 Y56,1.5
Al25 Ce27.5 Co20 La27.5,4.0
Al25 Ce27.5 Cu20 La27.5,2.0
Al25 Ce30 Co15 La30,5.0
Al25 Ce30 Cu15 La30,2.0
Al25 Ce32.5 Co10 La32.5,3.0
Al25 Ce35 Co5 La35,2.0
Al25 Ce55 Cu20,1.0
Al25 Co15 Gd60,3.0
Al25 Co5 Cu10 La55 Ni5,9.0
Al25 Cu10 La55 Ni10,5.0
Al25 Cu20 La55,2.5
Al25 Gd60 Ni15,4.0
Al25 La55 Ni20,3.0
Al27 Co20 Gd53,3.0
Al28.5 Ca56.5 Cu5 Mg10,3.0
Al28.5 Ca56.5 Mg15,1.5
Al28.5 Co18 Gd53.5,3.0
Al29.27 Co2.44 Y68.29,1.5
Al3 Cu12.5 Ni12.5 Pr72,1.5
Al3.12 Co3.12 Cu7.81 Zr85.95,5.0
Al30 Ca55 Mg15,0.5
Al30 Ca60 Cu10,1.5
Al30 Ca60 Mg10,2.0
Al30 Ca60 Zn10,1.5
Al30 Ce27.5 Cu15 La27.5,2.0
Al30 Gd60 Ni10,2.5
Al32 Ca58 Mg10,1.5
Al32 Ca63 Cu5,2.0
Al33.6 Ca66.4,1.0
Al35 Ce20 La30 Ni15,1.0
Al35 Co15 Er17 Gd33,1.0
Al35 Co5 Gd17 La33 Ni10,2.0
Al35 La50 Ni15,5.0
Al4 Co0.3 Cu47.7 Zr48,3.0
Al4 Cr0.5 Cu47.5 Zr48,3.0
Al4 Cu45 Ga3 Zr48,5.0
Al4 Cu46.5 Nb1.5 Zr48,5.0
Al4 Cu47.5 Fe0.5 Zr48,3.0
Al4 Cu47.5 Ni0.5 Zr48,3.0
Al4 Cu47.5 V0.5 Zr48,2.0
Al4 Cu48 Zr48,5.0
Al4 Cu51 Hf25 Ti20,3.0
Al4 Nb7 Ni61 Ta6 Zr22,2.0
Al4 Nb7 Ni61 Zr28,1.0
Al40 La35 Ni15 Y10,1.0
Al5 Ca50 Cu22.5 Mg22.5,3.5
Al5 Ce32.5 Co30 La32.5,5.0
Al5 Ce32.5 Cu30 La32.5,2.0
Al5 Ce68.4 Cu26.6,2.0
Al5 Nb10 Ni60 Ti5 Zr20,2.0
Al5 Nb12.5 Ni60 Ti2.5 Zr20,2.0
Al5 Nb12.5 Ni60 Zr22.5,2.0
Al5 Nb15 Ni60 Zr20,3.0
Al5 Nb17.5 Ni60 Zr17.5,2.0
Al5 Nb20 Ni60 Zr15,2.0
Al5 Nb7.5 Ni60 Ti7.5 Zr20,2.0
Al5.6 Cu22.4 Ni6.5 Zr65.5,3.0
Al6 Be23 Cu9 Ni10 Ti24 Zr28,9.0
Al6 Be26 Cu10 Ti27 Zr31,13.0
Al6 Cu47 Zr47,5.0
Al6.86 Cu49 Si2 Zr42.14,3.0
Al6.93 Cu49.5 Si1 Zr42.57,12.0
Al7 B0.5 Cu15 Hf3 Ni18.5 Si3 Ti53,2.0
Al7 B0.5 Cu15 Ni18.5 Sc3 Si3 Ti53,2.0
Al7 Be3 Cu47 Zr43,6.0
Al7 Be7 Cu43 Zr43,12.0
Al7 Cu25 Pr68,1.5
Al7 Cu45 Gd2 Zr46,10.0
Al7 Cu45 Gd3 Zr45,5.0
Al7 Cu45 Gd5 Zr43,4.0
Al7 Cu45 Nd2 Zr46,5.0
Al7 Cu45 Zr48,5.0
Al7 Cu46 Y10 Zr37,4.0
Al7 Cu46 Y2 Zr45,8.0
Al7 Cu46 Y5 Zr42,10.0
Al7 Cu46 Zr47,3.0
Al7 Cu50 Zr43,7.0
Al7.5 Cu17.5 Ni10 Zr65,16.0
Al7.5 Cu52.5 Hf40,3.0
Al8 Cu11 Ni11 Zr70,8.0
Al8 Cu13.5 Ni8.5 Zr70,10.0
Al8 Cu16 Ni6 Zr70,6.0
Al8 Cu19 Ni3 Zr70,1.5
Al8 Cu3 Ni19 Zr70,1.5
Al8 Cu46 Zr46,5.0
Al8 Cu5 Ni42 Si2.5 Ti20 Zr22.5,2.0
Al8 Cu5 Ni42 Si3.5 Ti19 Zr22.5,3.0
Al8 Cu5 Ni42 Si3.5 Ti20 Zr21.5,2.5
Al8 Cu5 Ni42 Si4.5 Ti20 Zr20.5,2.0
Al8 Cu5 Ni42 Ti20 Zr25,0.5
Al8 Cu6 Ni16 Zr70,8.0
Al8.7 Cu14.4 Ni11.9 Zr65,4.0
Al8.7 Cu39.09 Gd0.02 Zr52.19,5.0
Al8.7 Cu39.1 Zr52.2,3.0
Al8.86 Pr91.14,1.5
Al9 Cu45 Y3.45 Zr42.55,14.0
Al9 Cu49 Hf42,10.0
Al9.5 Cu36.1 Ti1.9 Y5 Zr47.5,6.0
Al9.7 Cu36.86 Ti1.94 Y3 Zr48.5,16.0
Al9.8 Cu24 La62 Mg4.2,10.0
Al9.8 Cu37.24 Ti1.96 Y2 Zr49,20.0
Al9.9 Cu37.62 Ti1.98 Y1 Zr49.5,18.0
Au4 Pd79.5 Si16.5,2.0
Au52 Cu29.2 Pd2.3 Si16.5,2.0
Au55 Cu25 Si20,0.5
Au77 Ge13.6 Si9.4,0.06
B0.5 La15.9 Mg60 Ni23.6,2.0
B1 Cu20 Ni24 Si2 Sn3 Ti50,1.0
B1.5 Cr8.5 Nb3 Ni69 P18,3.0
B10 Fe76 P5 Si9,2.5
B11 Fe79 Si10,0.5
B13.79 Fe76.55 Si6.9 Zr2.76,1.0
B14.29 Fe75.71 Si7.14 Zr2.86,1.5
B14.4 Fe72 Nb4 Si9.6,1.5
B14.7 Fe73.5 Nb2 Si9.8,1.0
B14.81 Fe74.82 Si7.41 Zr2.96,2.0
B14.85 Fe74.25 Nb1 Si9.9,0.5
B14.85 Fe74.25 Si9.9 Zr1,0.75
B15 Co5 Cr2 Fe61 Mo7 Y2 Zr8,5.0
B15 Co7 Fe61 Mo7 Y2 Zr8,5.0
B15.38 Fe73.85 Si7.69 Zr3.08,2.0
B16 Fe72.8 Si8 Zr3.2,2.0
B16.67 Fe70 Hf5 Si8.33,1.0
B16.67 Fe70.83 Hf4.17 Si8.33,1.5
B16.67 Fe71.67 Hf3.33 Si8.33,2.0
B16.67 Fe71.67 Si8.33 Zr3.33,2.5
B16.67 Fe72.5 Hf2.5 Si8.33,2.5
B16.67 Fe73.33 Hf1.67 Si8.33,1.0
B17 Fe65 Mn13 Y5,1.0
B17 Fe74 Nb6 Y3,2.0
B17 Ni75 Si8,0.8
B18.43 Co27.65 Cr4 Fe41.47 Nb3.84 Si4.61,3.0
B18.6 Co27.9 Cr3 Fe41.9 Nb3.9 Si4.7,3.5
B18.62 Co27.94 Cr3 Fe41.9 Nb3.88 Si4.66,3.5
B18.8 Co28.2 Fe42.3 Gd2 Nb4 Si4.7,1.5
B18.8 Co28.2 Fe42.3 Nb4 Si4.7 Y2,1.5
B18.82 Co28.22 Cr2 Fe42.34 Nb3.92 Si4.7,4.0
B19 Co28.5 Fe42.75 Mo1 Nb4 Si4.75,2.0
B19 Co28.5 Fe42.75 Nb4 Si4.75 Y1,1.5
B19 Co28.5 Fe42.75 Nb4 Si4.75 Zr1,2.0
B19.01 Co28.51 Cr1 Fe42.77 Nb3.96 Si4.75,4.0
B19.02 Fe69.42 Nb3.96 Si4.75 Tb2.85,2.5
B19.2 Co14.4 Fe57.6 Nb4 Si4.8,2.5
B19.2 Co21.6 Fe50.4 Nb4 Si4.8,3.5
B19.2 Co28.8 Fe43.2 Nb4 Si4.8,4.0
B19.2 Co36 Fe36 Nb4 Si4.8,5.0
B19.2 Co43.2 Fe28.8 Nb4 Si4.8,4.0
B19.2 Co50.4 Fe21.6 Nb4 Si4.8,3.5
B19.2 Co57.6 Fe14.4 Nb4 Si4.8,2.5
B19.2 Co64.8 Fe7.2 Nb4 Si4.8,2.0
B19.2 Co7.2 Fe64.8 Nb4 Si4.8,2.0
B19.2 Fe14.4 Nb4 Ni57.6 Si4.8,2.0
B19.2 Fe21.6 Nb4 Ni50.4 Si4.8,2.5
B19.2 Fe28.8 Nb4 Ni43.2 Si4.8,3.0
B19.2 Fe66.24 Nb4 Si4.8 Tb5.76,3.0
B19.2 Fe67.2 Nb4 Si4.8 Tb4.8,3.5
B19.2 Fe68.16 Nb4 Si4.8 Tb3.84,3.5
B19.2 Fe69.12 Nb3.84 Si3.84 Y4,3.0
B19.2 Fe7.2 Nb4 Ni64.8 Si4.8,1.0
B19.2 Fe71.04 Nb4 Si4.8 Tb0.96,1.0
B19.2 Fe72 Nb4 Si4.8,1.5
B19.2 Nb4 Ni72 Si4.8,0.5
B19.4 Fe69.84 Nb3.88 Si3.88 Y3,4.0
B19.6 Fe70.56 Nb3.92 Si3.92 Y2,2.0
B19.8 Fe71.28 Nb3.96 Si3.96 Y1,2.0
B2 C10 Fe71 Mo2 Nb3 P12,1.0
B2 C10 Fe71 Mo3 Nb2 P12,1.0
B2 C10 Fe71 Mo4 Nb1 P12,2.0
B2 C9 Cr2 Fe78 P9,1.8
B2 C9 Cr5 Fe75 P9,1.5
B2 C9 Cr8 Fe72 P9,1.0
B2 C9 Fe80 P9,1.8
B2 Nb35 Ni60 Sn3,1.0
B2.32 Fe83.56 Nb4.84 Si5.8 Tb3.48,3.0
B2.32 Fe87.04 Nb4.84 Si5.8,1.5
B2.5 C5 Cr2 Fe68 Mo5 Ni5 P12.5,6.0
B2.5 C5 Fe74.5 Mo5.5 P12.5,3.0
B2.89 La13.51 Mg60 Ni23.6,1.0
B20 Fe70 Hf3 Nb4 Y3,3.5
B20 Fe71 Hf3 Nb4 Y2,4.0
B20 Fe72 Hf3 Nb4 Y1,3.0
B20 Fe72 Nb4 Si4,2.0
B20 Fe73 Hf3 Nb4,2.0
B21.56 Fe70.56 Nb2 Y5.88,4.0
B21.56 Fe70.56 Ta2 Y5.88,4.0
B21.56 Fe70.56 Ti2 Y5.88,3.0
B22 Co10 Fe62 Y6,2.5
B22 Co12 Fe60 Y6,2.5
B22 Co14 Fe58 Y6,2.5
B22 Co16 Fe56 Y6,2.5
B22 Co2 Fe70 Y6,2.0
B22 Co4 Fe68 Y6,2.0
B22 Co6 Fe66 Y6,2.0
B22 Co8 Fe64 Y6,2.5
B22 Cr10 Fe63 Nb5,1.2
B22 Cr11 Fe61 Nb6,2.6
B22 Cr4 Fe66 Nb8,1.4
B22 Cr4 Fe67 Nb7,3.2
B22 Cr5 Fe65 Nb8,1.9
B22 Cr6 Fe66 Nb6,2.8
B22 Cr8 Fe62 Nb8,1.8
B22 Cr8 Fe64 Nb6,3.0
B22 Cr9 Fe63 Nb6,3.0
B22 Fe66 W6 Y6,2.0
B22 Fe67 Mo5 Y6,3.5
B22 Fe67 Ni5 Y6,1.0
B22 Fe67 W5 Y6,3.0
B22 Fe68 Mo4 Y6,6.5
B22 Fe68 Ni4 Y6,1.5
B22 Fe68 W4 Y6,4.0
B22 Fe69 Mo3 Y6,6.0
B22 Fe69 Ni3 Y6,1.5
B22 Fe69 W3 Y6,4.0
B22 Fe70 Mo2 Y6,3.5
B22 Fe70 Ni2 Y6,2.0
B22 Fe70 W2 Y6,3.0
B22 Fe71 Mo1 Y6,2.5
B22 Fe71 Ni1 Y6,2.0
B22 Fe71 W1 Y6,3.0
B22 Fe72 Y6,2.0
B22.32 Dy7 Fe66.96 Mo3.72,2.0
B22.56 Co20.3 Dy6 Fe47.38 Mo3.76,2.0
B22.56 Co27.07 Dy6 Fe40.61 Mo3.76,2.0
B22.56 Co33.84 Dy6 Fe33.84 Mo3.76,2.0
B22.56 Co6.77 Dy6 Fe60.91 Mo3.76,2.0
B22.56 Dy6 Fe67.68 Mo3.76,3.0
B22.8 Dy5 Fe68.4 Mo3.8,2.0
B23 Co14.2 Fe56.8 Nb6,2.0
B23 Fe71 Nb6,1.5
B23.04 Dy4 Fe69.12 Mo3.84,2.0
B23.04 Er4.8 Fe68.16 Nb4,5.5
B23.04 Fe68.16 Gd4.8 Nb4,3.5
B23.04 Fe68.16 Ho4.8 Nb4,5.0
B23.04 Fe68.16 Nb4 Tb4.8,3.5
B23.04 Fe68.16 Nb4 Tm4.8,6.5
B24 Co14.2 Fe55.8 Nb6,2.0
B24 Co14.2 Fe56.8 Nb5,2.0
B24 Co40 Fe27 Mo1.5 Si1.5 Ti3 Zr3,1.5
B24 Cr10 Fe60 Nb6,1.8
B24 Cr10 Fe61 Nb5,2.2
B24 Cr5 Fe63 Nb8,2.2
B24 Cr6 Fe64 Nb6,3.3
B24 Cr8 Fe60 Nb8,3.4
B24 Cr8 Fe62 Nb6,1.7
B24.24 Cr3.03 Fe64.65 Nb8.08,1.7
B25 Co13.45 Fe56.05 Nb5.5,2.5
B26 Cr4 Fe63 Nb7,3.6
B26 Cr6 Fe62 Nb6,3.1
B26 Cr8 Fe61 Nb5,2.9
B3 Cr8.5 Nb3 Ni69 P16.5,10.0
B31.5 Co43 Fe20 Ta5.5,2.0
B4 C4 Co10 Fe66 Mo4 P9 Si3,6.0
B4 C4 Co20 Fe56 Mo4 P9 Si3,5.0
B4 C4 Co30 Fe46 Mo4 P9 Si3,3.0
B4 C4 Fe73 Ga3 Mo4 P10 Si2,2.0
B4 C4 Fe74 Ga2 Mo4 P10 Si2,1.5
B4 C4 Fe74 Mo5 P10 Si3,3.0
B4 C4 Fe75 Ga3 Mo2 P10 Si2,2.5
B4 C4 Fe75 Mo4 P10 Si3,4.0
B4 C4 Fe76 Ga2 Mo2 P10 Si2,2.0
B4 C4 Fe76 Mo3 P10 Si3,3.5
B4 C4 Fe76 Mo4 P9 Si3,4.0
B4 C4 Fe77 Mo2 P10 Si3,2.5
B4 C4 Fe78 Mo1 P10 Si3,1.5
B4 C4 Fe79 P10 Si3,1.0
B4 C7 Cr5 Fe75 P9,2.0
B4 Cr8.5 Nb3 Ni69 P15.5,7.0
B5 C10 Co20 Fe40 Ni15 P10,2.5
B5 C10 Co35 Fe40 P10,2.0
B5 C10 Fe40 Ni35 P10,1.5
B5 C2.5 Co25 Fe25 Ni25 P10 Si7.5,1.0
B5 C2.5 Co25 Fe25 Ni25 P12.5 Si5,2.0
B5 C5 Co25 Fe25 Ni25 P10 Si5,2.0
B5 C7 Fe72 Ga4 P8.7 Si3.3,2.0
B5 C7 Fe74 Ga2 P8.7 Si3.3,3.0
B5 C7 Fe75 Ga1 P8.7 Si3.3,3.0
B5 C7 Fe76 P8.7 Si3.3,1.0
B5 C7.5 Co25 Fe25 Ni25 P10 Si2.5,1.0
B5 Cr8.5 Nb3 Ni69 P14.5,5.0
B5.5 C5 Cr4 Fe65.5 Ga4 Mo4 P12,3.0
B6 C12 Cr7 Er2 Fe56 Mn5 Mo12,8.0
B6 C15 Co3 Cr15 Fe45 Mo14 Y2,8.0
B6 C15 Co48 Cr15 Er2 Mo14,10.0
B6 C15 Co5 Cr15 Fe43 Mo14 Y2,9.0
B6 C15 Co50 Cr15 Mo14,2.0
B6 C15 Co7 Cr15 Fe41 Mo14 Y2,16.0
B6 C15 Co9 Cr15 Fe39 Mo14 Y2,10.0
B6 C15 Cr15 Er2 Fe48 Mo14,8.0
B6 C15 Cr15 Fe48 Mo14 Y2,8.0
B6 C15 Cr20 Fe41 Mo10 W6 Y2,6.0
B6 C15 Cr20 Fe43 Mo10 W4 Y2,8.0
B6 C15 Cr20 Fe45 Mo10 W2 Y2,6.0
B6 C15 Cr20 Fe47 Mo10 Y2,5.0
B6 C15 Cr5 Er2 Fe58 Mo14,6.0
B6 C15 Er2 Fe63 Mo14,3.0
B6 Cr8.5 Nb3 Ni69 P13.5,4.0
B7.5 C2.5 Co25 Fe25 Ni25 P10 Si5,1.5
B7.5 C5 Co25 Fe25 Ni25 P7.5 Si5,1.0
Be0.11 Cu59.93 Ti9.99 Zr29.97,5.0
Be10 Cu54 Ti9 Zr27,5.0
Be12.5 Cu47.5 Zr40,3.0
Be18 Cu10 Ni9 Ti49.5 Zr13.5,7.0
Be18 Cu14 Nb8 Ni12 Zr48,8.0
Be18 Cu9 Ni8 Ti40 Zr25,8.0
Be18 Cu9 Ni8 Ti50 Zr15,6.0
Be18 Cu9 Ni8 Ti55 Zr10,6.0
Be18.4 Cu8 Ni9.2 Ti50.6 Zr13.8,8.0
Be18.8 Cu6 Ni9.4 Ti51.7 Zr14.1,8.0
Be19.2 Cu4 Ni9.6 Ti52.8 Zr14.4,10.0
Be19.6 Cu2 Ni9.8 Ti53.9 Zr14.7,7.0
Be2 Cu25 Mg63 Tb10,7.0
Be20 Co20 Hf20 Ti20 Zr20,3.0
Be20 Cu10 Fe2 Mg12 Nb12 Ni6 Y2 Zr36,5.0
Be20 Cu10 Mg12 Nb12 Ni8 Y2 Zr36,5.0
Be20 Cu20 Hf20 Ti20 Zr20,5.0
Be20 Cu8 Mg24 Ni8 Ti10 Y4 Zr26,5.0
Be20 Hf20 Ni20 Ti20 Zr20,8.0
Be20 Ni10 Ti55 Zr15,5.0
Be21.5 Cu11 Mg0.5 Ni11 Ti15 Y1 Zr40,5.0
Be22.5 C2 Cu12.5 Ni8 Ti14 Zr41,5.0
Be22.5 C8 Cu12.5 Ni2 Ti14 Zr41,3.0
Be22.5 Cu12.5 Ni10 Ti13.8 Zr41.2,50.0
Be22.5 Cu12.5 Zr65,4.0
Be23 Cr6 Cu9 Ni10 Ti24 Zr28,6.0
Be23 Cu9 Fe6 Ni10 Ti24 Zr28,4.0
Be23 Cu9 Ni10 Ti24 V6 Zr28,7.0
Be24 Cu12 Fe8 Nb8 Zr48,8.0
Be25 Cu20 Ti11 Zr44,2.13
Be26 Cr6 Cu10 Ti27 Zr31,14.0
Be26 Cu10 Fe6 Ti27 Zr31,13.0
Be26 Cu10 Ni6 Ti27 Zr31,15.0
Be26 Cu10 Ti27 V6 Zr31,15.0
Be27.5 Cu15 Ti24 Zr33.5,2.16
Be30 Cr5 Ti40 Zr25,8.0
Be30 Cr5 Ti45 Zr20,7.0
Be35 Ti30 Zr35,6.0
Be35 Ti35 Zr30,6.0
Be35 Ti40 Zr25,6.0
Be35 Ti45 Zr20,6.0
Be7 Cu25 Ni15 Sn3 Ti45 Zr5,5.0
Be7 Cu25 Ni15 Sn3 Ti50,2.0
Be78.97 Cu2.37 Ni2.87 Ti2.37 Zr13.42,12.0
C13.99 Fe81.41 P0.1 Si3.8 Tm0.7,1.0
C13.99 Fe81.43 P0.08 Si3.8 Tm0.7,1.0
C7 Fe80 P13,0.72
Ca18.1 Cu45.5 Mg36.4,2.0
Ca18.2 Cu54.5 Mg27.3,0.5
Ca22.7 Cu40.9 Mg36.4,1.5
Ca22.7 Cu45.5 Mg31.8,1.3
Ca27.2 Cu36.4 Mg36.4,5.0
Ca27.2 Cu45.5 Mg27.3,1.5
Ca27.3 Cu40.9 Mg31.8,3.0
Ca27.3 Cu50 Mg22.7,1.5
Ca27.3 Cu54.5 Mg18.2,1.0
Ca30 Cu45 Mg25,2.5
Ca31.8 Cu36.4 Mg31.8,8.0
Ca31.8 Cu40.9 Mg27.3,4.0
Ca31.8 Cu45.5 Mg22.7,3.0
Ca31.8 Cu50 Mg18.2,2.0
Ca33.33 Cu33.33 Mg33.33,3.0
Ca35 Cu40 Mg25,3.5
Ca36.4 Cu36.4 Mg27.2,8.0
Ca36.4 Cu40.9 Mg22.7,5.0
Ca36.4 Cu45.5 Mg18.1,3.0
Ca40 Cu30 Mg30,0.5
Ca40 Cu35 Mg25,4.0
Ca40.9 Cu40.9 Mg18.2,3.0
Ca45 Cu25 Mg30,1.0
Ca45 Cu30 Mg25,6.0
Ca45 Cu36 Mg19,0.5
Ca47 Cu27 Mg19 Zn7,6.0
Ca47.5 Cu30 Mg22.5,6.0
Ca50 Cu10 Mg25 Zn15,8.0
Ca50 Cu20 Mg30,2.0
Ca50 Cu25 Mg10 Zn15,2.0
Ca50 Cu25 Mg15 Zn10,10.0
Ca50 Cu25 Mg20 Zn5,10.0
Ca50 Cu25 Mg25,9.0
Ca50 Cu27.5 Mg22.5,10.0
Ca50 Cu30 Mg20,8.0
Ca53 Cu24 Mg23,7.0
Ca55 Cu20 Mg25,8.0
Ca55 Cu23 Mg11 Zn11,1.0
Ca55 Cu25 Mg20,2.0
Ca55 Cu30 Mg15,3.0
Ca55 Cu35 Mg10,0.5
Ca55 Mg15 Zn30,0.5
Ca55 Mg18 Zn27,0.5
Ca55 Mg20 Zn25,2.0
Ca55 Mg25 Zn20,1.0
Ca58 Cu24 Mg18,6.0
Ca60 Cu15 Mg25,2.0
Ca60 Cu20 Mg20,4.0
Ca60 Cu25 Mg15,1.0
Ca60 Cu27 Mg13,1.0
Ca60 Mg10 Zn30,0.5
Ca60 Mg15 Zn25,8.5
Ca60 Mg17.5 Zn22.5,10.0
Ca60 Mg20 Zn20,4.0
Ca60 Mg25 Zn15,1.0
Ca62.5 Mg17.5 Zn20,10.0
Ca65 Cu10 Mg25,0.5
Ca65 Cu15 Mg20,2.0
Ca65 Cu20 Mg15,4.0
Ca65 Cu25 Mg10,2.0
Ca65 Cu30 Mg5,0.5
Ca65 Mg10 Zn25,4.0
Ca65 Mg15 Zn20,10.5
Ca65 Mg20 Zn15,7.0
Ca65 Mg25 Zn10,0.5
Ca70 Cu10 Mg20,0.5
Ca70 Cu20 Mg10,1.0
Ca70 Mg10 Zn20,0.5
Ca70 Mg15 Zn15,2.75
Co2 Nb32.75 Ni60.25 Zr5,3.0
Co3 Nb36 Ni56 Sn5,3.0
Co4 Nb32.75 Ni58.25 Zr5,3.0
Co5 Nb33 Ni57 Zr5,3.5
Co6 Nb34 Ni54 Sn6,3.0
Co7 Nb33 Ni55 Zr5,3.0
Co7.5 Nb34 Ni52.5 Sn6,3.0
Cr8.5 Nb3 Ni69 P19.5,1.0
Cu10 Gd10 Mg75 Ni5,3.0
Cu10 Pd73.5 Si16.5,2.0
Cu10.3 Mg80 Ni3.4 Y6.3,4.0
Cu12 Pd71.5 Si16.5,2.0
Cu14 Ni20 Ti17 Zr49,3.0
Cu14.7 Ni5.3 P22.5 Pt57.5,16.0
Cu15 Gd10 Mg75,2.5
Cu17 Ni20 Ti14 Zr49,4.0
Cu18 Mg65 Ni6 Y11,5.0
Cu2 Nb32.75 Ni60.25 Zr5,3.0
Cu2 Pd81.5 Si16.5,2.0
Cu2.22 Pd90.56 Si7.22,2.0
Cu20 Gd10 Mg65 Ni5,5.0
Cu20 Mg65 Tb10 Zn5,7.0
Cu22.5 Mg65 Tb10 Zn2.5,6.0
Cu22.8 Mg63 Ni3.2 Y11,5.0
Cu24.5 Gd11 Mg64.5,6.0
Cu25 Dy10 Mg65,3.0
Cu25 Er10 Mg65,3.0
Cu25 Gd10 Mg65,7.5
Cu25 Gd5 Mg65 Y5,5.0
Cu25 Ho10 Mg65,1.0
Cu25 Mg65 Nd10,1.0
Cu25 Mg65 Pr10,1.0
Cu25 Mg65 Tb10,5.0
Cu25 Mg65 Tb7 Y3,5.0
Cu25 Mg65 Tb8 Y2,5.0
Cu25 Mg65 Tb9 Y1,5.0
Cu25 Mg65 Y10,4.333333333333333
Cu25.43 Gd9.01 Mg65.56,6.0
Cu26.5 Gd11 Mg62.5,9.0
Cu27 Gd10 Mg63,4.0
Cu27 Mg63 Y10,5.0
Cu27 Ni9.5 P21 Pt42.5,20.0
Cu27.5 Gd9 Mg63.5,4.0
Cu27.83 Ni26.09 Sn2.61 Ti43.48,1.0
Cu28 Gd11 Mg61,12.0
Cu28.5 Gd11 Mg60.5,8.0
Cu29 Gd10 Mg61,4.0
Cu29 Mg60 Y11,8.0
Cu29 Mg61 Y10,6.0
Cu29.5 Gd9 Mg61.5,4.0
Cu30 Ni10 P20 Pd40,78.5
Cu30 Ni7.5 P20 Pd42.5,150.0
Cu30 Pd20 Ti40 Zr10,3.0
Cu30.5 Gd11 Mg58.5,8.0
Cu30.5 Mg58 Y11.5,9.0
Cu30.5 Mg58.5 Y11,9.0
Cu31 Gd10 Mg59,4.0
Cu31 Mg57 Nd5.4 Y6.6,14.0
Cu31 Mg58 Y11,8.0
Cu31.5 Mg57 Nd2.3 Y9.2,10.0
Cu31.5 Mg57 Nd3.5 Y8,12.0
Cu32 Pd18 Ti40 Zr10,3.0
Cu34 Pd16 Ti40 Zr10,4.0
Cu36 Ni9 Ti55,1.0
Cu36 Pd14 Ti40 Zr10,6.0
Cu36.24 Ni9.06 Sn1.96 Ti43.15 Zr9.59,3.0
Cu37.04 Ni7.06 Sn2 Ti44.1 Zr9.8,2.0
Cu37.5 Hf5 Ni7.5 Si1 Sn5 Ti41.5 Zr2.5,6.0
Cu37.5 Ni7.5 Ti50 Zr5,1.0
Cu37.8 Ni7.2 Ti45 Zr10,1.0
Cu38 Ni10 Ti44.2 Zr7.8,3.0
Cu38 Ni9 Ti47.2 Zr5.8,2.0
Cu38 Pd12 Ti40 Zr10,6.0
Cu39 Ni8 Ti45.05 Zr7.95,3.0
Cu39 Ni8 Ti47.2 Zr5.8,2.0
Cu39 Ni9 Ti44.2 Zr7.8,3.0
Cu4 Pd79.5 Si16.5,0.75
Cu40 Ni5 Ti50 Zr5,2.0
Cu40 Ni8 Ti44.2 Zr7.8,3.0
Cu40 Pd10 Ti40 Zr10,4.0
Cu42.5 Hf5 Ni7.5 Si1 Ti41.5 Zr2.5,3.5
Cu42.5 Hf5 Ni7.5 Ti42.5 Zr2.5,2.375
Cu42.5 Ni2.5 Ti50 Zr5,1.0
Cu42.5 Ni5 Ti42.5 Zr10,2.0
Cu42.5 Ni7.5 Ti47.5 Zr2.5,1.375
Cu42.5 Ni7.5 Ti50,0.2
Cu45 Hf25 Ti20 Y10,2.0
Cu45 Ni5 Ti42.5 Zr7.5,3.0
Cu45 Ni5 Ti45 Zr5,3.0
Cu45 Ti50 Zr5,1.0
Cu46 Zr54,2.0
Cu47 Nb11 Ni8 Si1 Ti33,0.5
Cu47 Nb2 Ni8 Si1 Ti33 Zr9,5.0
Cu47 Nb4 Ni8 Si1 Ti33 Zr7,5.0
Cu47 Nb6 Ni8 Si1 Ti33 Zr5,2.0
Cu47 Nb8 Ni8 Si1 Ti33 Zr3,1.0
Cu47 Ni13 Ti10 Zr30,1.0
Cu47 Ni6 Si1 Sn2 Ti33 Zr11,6.0
Cu47 Ni8 Si1 Ti33 Zr11,4.0
Cu47 Ni8 Ti34 Zr11,4.375
Cu48 Hf25 Si7 Ti20,6.0
Cu48 Hf25 Ti20 Y7,3.0
Cu49.4 Si0.6 Sn0.6 Ti7.41 Zr41.99,7.0
Cu49.5 Si1 Ti7.42 Zr42.08,6.0
Cu49.5 Sn1 Ti7.42 Zr42.08,6.0
Cu5 Gd10 Mg75 Ni10,2.5
Cu50 Hf25 Si5 Ti20,7.0
Cu50 Hf25 Ti20 Y5,5.5
Cu50 Ni8 Ti24 Zr18,6.0
Cu50 Ti10 Zr40,3.0
Cu50 Ti15 Zr35,1.0
Cu50 Ti35 Zr15,1.0
Cu50 Ti40 Zr10,3.0
Cu50 Ti45 Zr5,2.0
Cu50 Ti5 Zr45,4.0
Cu50 Ti7.5 Zr42.5,5.0
Cu50 Zr50,2.25
Cu51 Hf25 Mn4 Ti20,0.03
Cu51 Hf25 Ti20 V4,0.03
Cu52 Hf25 Si3 Ti20,6.0
Cu52 Hf25 Ti20 Y3,6.5
Cu52.5 Ga5 Zr42.5,2.0
Cu52.5 Ga7.5 Zr40,1.5
Cu53 Hf25 Mn2 Ti20,2.0
Cu53 Hf25 Ti20 V2,1.0
Cu54 Hf25 Mn1 Ti20,3.0
Cu54 Hf25 Si1 Ti20,5.0
Cu54 Hf25 Ti20 V1,3.0
Cu54 Hf25 Ti20 Y1,5.0
Cu54.1 Ti7.7 Zr38.2,4.0
Cu55 Ga2.5 Zr42.5,1.0
Cu55 Ga5 Zr40,2.0
Cu55 Hf25 Ti20,4.0
Cu55 Ni5 Ti10 Zr30,2.0
Cu55.2 Hf23 Nb8 Ti13.8,2.5
Cu55.8 Ni7 Ti9.3 Zr27.9,2.5
Cu56.4 Hf23.5 Nb6 Ti14.1,4.0
Cu57 Ni5 Ti9.5 Zr28.5,3.0
Cu57.5 Ga5 Zr37.5,1.0
Cu57.6 Hf24 Nb4 Ti14.4,4.0
Cu58.8 Hf24.5 Nb2 Ti14.7,4.0
Cu58.8 Ti9.8 Y2 Zr29.4,5.0
Cu59.4 Sn1 Ti9.9 Zr29.7,5.0
Cu6 P5 Pd79 Si10,5.0
Cu6 Pd77 Si17,2.0
Cu6 Pd77.5 Si16.5,6.25
Cu60 Hf17.5 Ti22.5,3.0
Cu60 Hf20 Ti20,4.0
Cu60 Hf25 Ti15,4.0
Cu60 Ti10 Zr30,3.0
Cu60 Ti7 Zr33,3.0
Cu60 Zr40,1.0
Cu64 Zr36,2.0
Cu7.7 Mg85 Ni2.6 Y4.7,4.0
Cu8.7 Mg83 Ni2.9 Y5.4,4.0
Cu9.5 Mg81.5 Ni3.2 Y5.8,4.0
Fe2 Nb32.75 Ni60.25 Zr5,3.0
Gd10 Mg75 Ni15,2.5
Gd6 Mg80 Nd2 Ni12,2.0
La10 Mg70 Ni20,0.4
La11 Mg71 Ni18,0.5
La13 Mg69 Ni18,0.5
La15 Mg65 Ni20,0.5
La15.4 Mg60 Ni23.6 Y1,3.0
La15.65 Mg60 Ni23.6 Y0.75,4.0
La15.7 Mg59.78 Ni23.52 Si0.5 Y0.5,1.0
La15.8 Mg60 Ni23.6 Si0.1 Y0.5,1.5
La15.9 Mg60 Ni23.6 Si0.25 Y0.25,2.0
La15.9 Mg60 Ni23.6 Si0.5,1.0
La15.9 Mg60 Ni23.6 Y0.5,4.0
La16 Mg69 Ni15,1.0
La16.15 Mg60 Ni23.6 Si0.25,1.0
La16.15 Mg60 Ni23.6 Y0.25,3.5
La16.4 Mg60 Ni23.6,2.5
La17 Mg57 Ni26,2.0
La17 Mg70 Ni13,0.4
La20 Mg50 Ni30,1.0
Mg48 Ni31 Pr21,3.0
Mg63 Ni22 Pr15,3.0
Mg65 Nd15 Ni20,3.5
Mg65 Ni21 Pr14,3.0
Mg70 Nd15 Ni15,1.5
Mg75 Nd10 Ni15,2.8
Mg80 Nd10 Ni10,0.6
Nb15 Ni52.5 Pd12.5 Zr20,2.5
Nb15 Ni55 Pd10 Zr20,3.0
Nb15 Ni57.5 Pd7.5 Zr20,3.0
Nb15 Ni60 Pd5 Zr20,2.0
Nb15 Ni60 Zr25,0.1
Nb15 Ni62.5 Pd2.5 Zr20,2.0
Nb20 Ni60 Zr20,0.5
Nb25 Ni60 Zr15,1.5
Nb30 Ni60 Ta10,2.0
Nb30 Ni60 Zr10,2.0
Nb30.75 Ni62.25 Sn2 Zr5,2.0
Nb30.75 Ni62.25 Ti2 Zr5,3.0
Nb32 Ni62 Zr6,2.5
Nb32 Ni63 Zr5,2.5
Nb32.5 Ni62.5 Zr5,3.0
Nb32.75 Ni62.25 Zr5,3.0
Nb33 Ni61 Zr6,2.0
Nb33 Ni62 Zr5,3.0
Nb33 Ni63 Zr4,2.5
Nb33.6 Ni59.5 Sn6.9,2.0
Nb34 Ni61 Zr5,2.0
Nb34 Ni62 Zr4,2.5
Nb34.45 Ni59.35 Sn6.2,3.0
Nb35 Ni59 Sn6,2.0
Nb35 Ni60 Sn5,2.0
Nb35 Ni60 Zr5,1.5
Nb35 Ni62 Sn3,2.0
Nb37 Ni60 Sn3,2.0
Nb40 Ni60,1.0
Ni16 P20 Pd64,4.0
Ni34 Ti21 Zr45,0.7
Ni36 Pd36 S28,0.3
Ni37 Pd37 S26,2.0
Ni38 Pd38 S24,0.3
Ni40 P20 Pd40,25.0
Ni42 Pd31 S27,1.5
Ni59 Si2 Sn3 Ti16 Zr20,3.0
Ni59 Si5 Ti16 Zr20,2.0
Ni59 Sn5 Ti16 Zr20,1.0
Ni64 P20 Pd16,2.5
Ni80 P20,0.12
